{"accuracy": [0.6485740542411804, 0.7920883297920227, 0.7930082678794861, 0.828886866569519, 0.828886866569519, 0.8206071853637695, 0.8454461693763733, 0.8362465500831604, 0.8463661670684814, 0.8463661670684814, 0.8564857244491577, 0.8564857244491577, 0.8528059124946594, 0.8721250891685486, 0.8647654056549072, 0.8693652153015137, 0.883164644241333, 0.883164644241333, 0.8813247680664062, 0.8785648345947266], "loss": [0.6090954542160034, 0.4665457308292389, 0.4439599812030792, 0.3928951621055603, 0.3798128068447113, 0.40472856163978577, 0.36362171173095703, 0.3674609363079071, 0.3687542676925659, 0.3381177484989166, 0.3440075218677521, 0.3217959702014923, 0.33203840255737305, 0.290470689535141, 0.2943759262561798, 0.29382553696632385, 0.28232312202453613, 0.2815435230731964, 0.27879858016967773, 0.2770511507987976], "val_accuracy": [0.7989130616188049, 0.823369562625885, 0.8396739363670349, 0.8179348111152649, 0.79347825050354, 0.8478260636329651, 0.8505434989929199, 0.8505434989929199, 0.83423912525177, 0.8369565010070801, 0.8505434989929199, 0.85597825050354, 0.8369565010070801, 0.8586956262588501, 0.85326087474823, 0.8478260636329651, 0.85326087474823, 0.8505434989929199, 0.8505434989929199, 0.8586956262588501], "val_loss": [0.4827831983566284, 0.4010283350944519, 0.3796308636665344, 0.3963320255279541, 0.4443652629852295, 0.35223695635795593, 0.34459736943244934, 0.32293927669525146, 0.3631003797054291, 0.38451871275901794, 0.3264352083206177, 0.3348115384578705, 0.3439541757106781, 0.31855958700180054, 0.3223710060119629, 0.32404035329818726, 0.3233020007610321, 0.3253931701183319, 0.3252038061618805, 0.32181406021118164], "learning_rate": [9.999999747378752e-05, 9.999999747378752e-05, 9.999999747378752e-05, 9.999999747378752e-05, 9.999999747378752e-05, 9.999999747378752e-05, 9.999999747378752e-05, 9.999999747378752e-05, 9.999999747378752e-05, 9.999999747378752e-05, 9.999999747378752e-05, 9.999999747378752e-05, 9.999999747378752e-05, 1.9999999494757503e-05, 1.9999999494757503e-05, 1.9999999494757503e-05, 1.9999999494757503e-05, 1.9999999494757503e-05, 1.9999999494757503e-05, 9.999999747378752e-06]}