{"loss": [0.5787975788116455, 0.4361032247543335, 0.40898841619491577, 0.43348583579063416, 0.37001171708106995, 0.3683173358440399, 0.37772008776664734, 0.35855334997177124, 0.3520725667476654, 0.36093658208847046, 0.3537028133869171, 0.33321258425712585, 0.3166361153125763, 0.29792284965515137, 0.2960450053215027, 0.2977936863899231, 0.303701788187027, 0.28930824995040894, 0.2896946370601654, 0.27782636880874634], "accuracy": [0.6761729717254639, 0.7930082678794861, 0.818767249584198, 0.8003680109977722, 0.8491260409355164, 0.841766357421875, 0.8380864858627319, 0.8390064239501953, 0.8270469307899475, 0.8436062335968018, 0.8518859148025513, 0.8601655960083008, 0.8620055317878723, 0.8730450868606567, 0.8684452772140503, 0.8840846419334412, 0.8693652153015137, 0.8804047703742981, 0.8776448965072632, 0.883164644241333], "val_loss": [0.4210858643054962, 0.39296814799308777, 0.37111783027648926, 0.37051716446876526, 0.3327738344669342, 0.34259480237960815, 0.33170586824417114, 0.31725069880485535, 0.41442015767097473, 0.3394600749015808, 0.34558042883872986, 0.33585894107818604, 0.3181147873401642, 0.31594473123550415, 0.31257787346839905, 0.31072714924812317, 0.3093163073062897, 0.31204041838645935, 0.31037312746047974, 0.32356441020965576], "val_accuracy": [0.8097826242446899, 0.820652186870575, 0.8396739363670349, 0.8369565010070801, 0.8396739363670349, 0.8614130616188049, 0.8369565010070801, 0.8369565010070801, 0.8152173757553101, 0.8614130616188049, 0.8478260636329651, 0.8586956262588501, 0.85326087474823, 0.864130437374115, 0.8505434989929199, 0.85597825050354, 0.8586956262588501, 0.8505434989929199, 0.8505434989929199, 0.85597825050354], "lr": [9.999999747378752e-05, 9.999999747378752e-05, 9.999999747378752e-05, 9.999999747378752e-05, 9.999999747378752e-05, 9.999999747378752e-05, 9.999999747378752e-05, 9.999999747378752e-05, 9.999999747378752e-05, 9.999999747378752e-05, 9.999999747378752e-05, 9.999999747378752e-05, 9.999999747378752e-05, 1.9999999494757503e-05, 1.9999999494757503e-05, 1.9999999494757503e-05, 1.9999999494757503e-05, 1.9999999494757503e-05, 1.9999999494757503e-05, 1.9999999494757503e-05]}