{"accuracy": [0.620512843132019, 0.747863233089447, 0.7940170764923096, 0.7743589878082275, 0.7888888716697693, 0.7974358797073364, 0.8128204941749573, 0.7991452813148499, 0.8136752247810364, 0.8128204941749573, 0.8145298957824707, 0.8307692408561707, 0.8188034296035767, 0.8273504376411438, 0.8487179279327393, 0.8427350521087646, 0.8367521166801453, 0.8410256505012512, 0.8512820601463318, 0.8512820601463318], "loss": [0.641814112663269, 0.5251186490058899, 0.4516199827194214, 0.4935039281845093, 0.4488992691040039, 0.4397619664669037, 0.4184960722923279, 0.41337910294532776, 0.4031830132007599, 0.3962658643722534, 0.4049312174320221, 0.378059059381485, 0.39760151505470276, 0.37948158383369446, 0.34997379779815674, 0.34864771366119385, 0.3466605544090271, 0.34482625126838684, 0.3430904448032379, 0.33537185192108154], "val_accuracy": [0.5798969268798828, 0.8195876479148865, 0.7061855792999268, 0.8350515365600586, 0.8530927896499634, 0.842783510684967, 0.8402062058448792, 0.8453608155250549, 0.8453608155250549, 0.780927836894989, 0.8530927896499634, 0.8479381203651428, 0.842783510684967, 0.8505154848098755, 0.8453608155250549, 0.8530927896499634, 0.8350515365600586, 0.8556700944900513, 0.8530927896499634, 0.8582473993301392], "val_loss": [0.6299331784248352, 0.4189571142196655, 0.5592735409736633, 0.40959465503692627, 0.37093669176101685, 0.36744484305381775, 0.36241814494132996, 0.36222779750823975, 0.35116133093833923, 0.44772979617118835, 0.35977235436439514, 0.3549636900424957, 0.35751932859420776, 0.36059853434562683, 0.3534802794456482, 0.34796324372291565, 0.35455289483070374, 0.34619882702827454, 0.34839314222335815, 0.3453011214733124], "learning_rate": [9.999999747378752e-05, 9.999999747378752e-05, 9.999999747378752e-05, 9.999999747378752e-05, 9.999999747378752e-05, 9.999999747378752e-05, 9.999999747378752e-05, 9.999999747378752e-05, 9.999999747378752e-05, 9.999999747378752e-05, 9.999999747378752e-05, 9.999999747378752e-05, 9.999999747378752e-05, 9.999999747378752e-05, 1.9999999494757503e-05, 1.9999999494757503e-05, 1.9999999494757503e-05, 1.9999999494757503e-05, 1.9999999494757503e-05, 1.9999999494757503e-05]}