{"accuracy": [0.6196581125259399, 0.7435897588729858, 0.7914530038833618, 0.807692289352417, 0.7940170764923096, 0.800000011920929, 0.8042734861373901, 0.8136752247810364, 0.8153846263885498, 0.8213675022125244, 0.8205128312110901, 0.8307692408561707, 0.843589723110199, 0.8273504376411438, 0.8256410360336304, 0.8512820601463318, 0.8452991247177124, 0.855555534362793, 0.8589743375778198, 0.8692307472229004], "loss": [0.6524179577827454, 0.5296911001205444, 0.4732882082462311, 0.4459017217159271, 0.4412621259689331, 0.43558311462402344, 0.4315570294857025, 0.4052012264728546, 0.39907974004745483, 0.39253175258636475, 0.40126755833625793, 0.38222989439964294, 0.3546794056892395, 0.36968713998794556, 0.37708842754364014, 0.34851840138435364, 0.355642169713974, 0.31952646374702454, 0.3187185823917389, 0.30654942989349365], "val_accuracy": [0.6520618796348572, 0.8273195624351501, 0.8041236996650696, 0.842783510684967, 0.8505154848098755, 0.842783510684967, 0.8350515365600586, 0.8376288414001465, 0.8505154848098755, 0.842783510684967, 0.8479381203651428, 0.8530927896499634, 0.8556700944900513, 0.8324742317199707, 0.8608247637748718, 0.8350515365600586, 0.8402062058448792, 0.8556700944900513, 0.8376288414001465, 0.8479381203651428], "val_loss": [0.5511115193367004, 0.4261443018913269, 0.42638856172561646, 0.3903381824493408, 0.3673127293586731, 0.3691701591014862, 0.37217003107070923, 0.37456461787223816, 0.3416758179664612, 0.3672032356262207, 0.3488386869430542, 0.3368988335132599, 0.33770251274108887, 0.35148999094963074, 0.32359451055526733, 0.3544352948665619, 0.3616820275783539, 0.3498513400554657, 0.3631695508956909, 0.3569156527519226], "learning_rate": [9.999999747378752e-05, 9.999999747378752e-05, 9.999999747378752e-05, 9.999999747378752e-05, 9.999999747378752e-05, 9.999999747378752e-05, 9.999999747378752e-05, 9.999999747378752e-05, 9.999999747378752e-05, 9.999999747378752e-05, 9.999999747378752e-05, 9.999999747378752e-05, 9.999999747378752e-05, 9.999999747378752e-05, 9.999999747378752e-05, 9.999999747378752e-05, 9.999999747378752e-05, 9.999999747378752e-05, 9.999999747378752e-05, 9.999999747378752e-05]}