{"accuracy": [0.5992969870567322, 0.59375, 0.696836531162262, 0.71875, 0.731107234954834, 0.84375, 0.7706502676010132, 0.75, 0.7768014073371887, 0.75, 0.790861189365387, 0.90625, 0.7987697720527649, 0.71875, 0.8128295540809631, 0.875, 0.828646719455719, 0.90625, 0.8268892765045166, 0.8125], "loss": [0.746428906917572, 0.7005928754806519, 0.5814117789268494, 0.4949142336845398, 0.5402190685272217, 0.5009191036224365, 0.487792432308197, 0.5158873796463013, 0.4609053134918213, 0.46203386783599854, 0.45141130685806274, 0.40050214529037476, 0.4364890456199646, 0.443950355052948, 0.4039067327976227, 0.30854833126068115, 0.37205401062965393, 0.3214608430862427, 0.35698485374450684, 0.42155927419662476], "val_accuracy": [0.6744791865348816, 0.75, 0.7942708134651184, 0.5, 0.7838541865348816, 1.0, 0.7734375, 0.5, 0.8125, 1.0, 0.8072916865348816, 0.75, 0.8072916865348816, 0.75, 0.84375, 1.0, 0.8463541865348816, 0.75, 0.8515625, 0.75], "val_loss": [0.5981791615486145, 0.5103611350059509, 0.45219072699546814, 0.7553582191467285, 0.4763099253177643, 0.2673459053039551, 0.4740928113460541, 0.5556377172470093, 0.39681681990623474, 0.2103915959596634, 0.41842758655548096, 0.3722430467605591, 0.3942478597164154, 0.3932754695415497, 0.3658329248428345, 0.17935681343078613, 0.3452754318714142, 0.3311801254749298, 0.3306158781051636, 0.5105605125427246]}