{"accuracy": [0.6010544896125793, 0.71875, 0.7583479881286621, 0.75, 0.7803163528442383, 0.78125, 0.790861189365387, 0.8125, 0.8022847175598145, 0.84375, 0.7961335778236389, 0.90625, 0.811072051525116, 0.75, 0.8101933002471924, 0.8125, 0.8374341130256653, 0.84375, 0.8374341130256653, 0.9375, 0.84375, 0.9444444179534912, 0.8251318335533142, 0.78125, 0.8620386719703674, 0.5625, 0.8514938354492188, 0.8125, 0.8611599206924438, 0.8125, 0.8690685629844666, 0.8125, 0.8576449751853943, 0.90625, 0.8848857879638672, 0.84375, 0.8769771456718445, 0.90625, 0.8945518732070923, 0.90625], "loss": [0.8280575275421143, 0.6314617395401001, 0.5140584707260132, 0.5633465051651001, 0.4761243760585785, 0.4457186758518219, 0.45853471755981445, 0.46185606718063354, 0.4397568702697754, 0.3040694296360016, 0.42771196365356445, 0.3579302728176117, 0.4057135283946991, 0.4517148435115814, 0.41624704003334045, 0.4805886745452881, 0.3746158182621002, 0.35252392292022705, 0.3654862940311432, 0.35571134090423584, 0.3474418520927429, 0.23824845254421234, 0.376914381980896, 0.3299577236175537, 0.32472875714302063, 0.6004679203033447, 0.3419643044471741, 0.3274127244949341, 0.30191490054130554, 0.4646379053592682, 0.29365313053131104, 0.532791256904602, 0.31482329964637756, 0.21743039786815643, 0.26767900586128235, 0.42837077379226685, 0.2850991487503052, 0.3171250522136688, 0.24071799218654633, 0.2329121083021164], "val_accuracy": [0.6119791865348816, 1.0, 0.71875, 1.0, 0.8177083134651184, 0.75, 0.8255208134651184, 1.0, 0.7760416865348816, 1.0, 0.8203125, 0.75, 0.828125, 0.75, 0.8333333134651184, 0.75, 0.7916666865348816, 0.75, 0.8072916865348816, 1.0, 0.8359375, 0.75, 0.8020833134651184, 1.0, 0.7890625, 0.25, 0.7526041865348816, 0.25, 0.8307291865348816, 1.0, 0.8125, 0.75, 0.8411458134651184, 0.25, 0.8229166865348816, 0.75, 0.8125, 1.0, 0.7994791865348816, 0.75], "val_loss": [0.7396408915519714, 0.26605579257011414, 0.5275025963783264, 0.19927112758159637, 0.39800703525543213, 0.5185842514038086, 0.36521753668785095, 0.19245684146881104, 0.46266767382621765, 0.24794311821460724, 0.3806912899017334, 0.5833070278167725, 0.37073782086372375, 0.28613632917404175, 0.3771035373210907, 0.4806956648826599, 0.41368567943573, 0.6717020869255066, 0.40640947222709656, 0.3097769320011139, 0.3491304814815521, 0.9859782457351685, 0.40652477741241455, 0.049169231206178665, 0.44708871841430664, 0.8951611518859863, 0.5482832789421082, 0.8494998812675476, 0.38484230637550354, 0.04988306015729904, 0.43649768829345703, 0.296710729598999, 0.37796851992607117, 0.8516822457313538, 0.4217073917388916, 0.5073517560958862, 0.3946892023086548, 0.16423143446445465, 0.4359322786331177, 0.44049394130706787]}